feature,importance
F3912,243
F1813,71
F3348,69
F2230,63
F1165,49
F3799,48
F3598,32
F3534,30
F364,29
F162,27
F1166,26
F1814,23
F2686,22
F3801,19
F3898,19
F1489,18
F3894,18
F2032,17
F161,16
F3642,16
F3800,15
F3604,14
F3351,14
F469,14
F1921,14
F1249,14
F1922,13
F160,13
F3804,12
F1710,12
F2186,12
F2585,11
F3490,11
F528,11
F2,11
F2537,10
F935,10
F3812,10
F2957,9
F1281,9
F2584,9
F2583,9
F3643,8
F463,8
F2543,8
F1321,8
F3395,8
F2783,8
F2684,8
F142,7
F950,7
F3750,7
F3055,7
F3710,6
F3806,6
F3495,6
F3895,6
F2029,6
F2140,6
F568,6
F1583,5
F3240,5
F3494,5
F3843,5
F534,5
F3914,5
F2388,5
F2068,5
F2077,5
F1706,5
F1705,5
F1381,5
F3842,5
F120,5
F2698,5
F2665,4
F2480,4
F2078,4
F3496,4
F59,4
F3798,4
F3487,4
F1923,4
F1819,4
F2350,4
F1816,3
F1057,3
F268,3
F949,3
F3500,3
F2777,3
F3526,3
F2581,3
F1961,3
F2182,3
F2038,3
F1925,3
F1597,3
F2735,3
F3810,3
F2979,3
F3706,3
F3805,3
F3829,3
F2716,2
F1045,2
F451,2
F937,2
F1716,2
F1389,2
F1644,2
F1323,2
F997,2
F2139,2
F1969,2
F1861,2
F1927,2
F1928,2
F1820,2
F1818,2
F1429,2
F2137,2
F2527,2
F2891,2
F3057,2
F2999,2
F98,2
F2982,2
F2677,2
F2737,2
F3841,2
F2938,2
F2780,2
F2663,2
F1863,2
F2176,2
F2639,2
F3484,2
F3056,2
F3808,2
F3703,2
F3865,2
F3873,2
F3862,2
F3844,2
F3745,1
F3743,1
F3888,1
F3831,1
F3811,1
F3832,1
F3748,1
F3787,1
F3867,1
F3864,1
F3535,1
F3536,1
F3602,1
F3585,1
F3592,1
F3582,1
F3492,1
F3501,1
F3735,1
F3753,1
F3672,1
F3675,1
F3634,1
F3635,1
F126,1
F101,1
F2823,1
F2830,1
F2889,1
F2892,1
F2883,1
F2849,1
F85,1
F3058,1
F2960,1
F3493,1
F100,1
F97,1
F3398,1
F3079,1
F3624,1
F3485,1
F144,1
F139,1
F2654,1
F2645,1
F2582,1
F2642,1
F2183,1
F2134,1
F2599,1
F2532,1
F2344,1
F2538,1
F159,1
F2185,1
F1825,1
F1919,1
F1960,1
F1933,1
F2146,1
F152,1
F2030,1
F1967,1
F1748,1
F1752,1
F1758,1
F1275,1
F1274,1
F1491,1
F1573,1
F1497,1
F1043,1
F1100,1
F205,1
F530,1
F955,1
F573,1
F536,1
F522,1
F267,1
F409,1
F421,1
F408,1
F466,1
F4,1
F5,1
F3907,1
F3892,0
F3908,0
F3922,0
F3921,0
F3920,0
F3919,0
F3918,0
F3917,0
F3916,0
F3915,0
F3913,0
F3876,0
F3877,0
F3878,0
F3879,0
F3880,0
F3881,0
F3882,0
F3883,0
F3884,0
F3885,0
F3886,0
F3887,0
F3889,0
F3890,0
F3891,0
F3860,0
F283,0
F284,0
F253,0
F254,0
F255,0
F256,0
F257,0
F258,0
F259,0
F260,0
F261,0
F262,0
F263,0
F264,0
F265,0
F266,0
F301,0
F302,0
F269,0
F270,0
F271,0
F272,0
F273,0
F274,0
F275,0
F276,0
F277,0
F278,0
F279,0
F280,0
F281,0
F282,0
F317,0
F318,0
F285,0
F286,0
F287,0
F288,0
F289,0
F291,0
F292,0
F294,0
F295,0
F296,0
F297,0
F298,0
F299,0
F300,0
F333,0
F334,0
F303,0
F304,0
F305,0
F306,0
F307,0
F308,0
F309,0
F310,0
F311,0
F312,0
F313,0
F314,0
F315,0
F316,0
F349,0
F350,0
F319,0
F320,0
F321,0
F322,0
F323,0
F324,0
F325,0
F326,0
F327,0
F328,0
F329,0
F330,0
F331,0
F332,0
F365,0
F366,0
F335,0
F336,0
F337,0
F338,0
F339,0
F340,0
F341,0
F342,0
F343,0
F344,0
F345,0
F346,0
F347,0
F348,0
F380,0
F381,0
F382,0
F351,0
F352,0
F353,0
F354,0
F355,0
F356,0
F357,0
F358,0
F359,0
F360,0
F361,0
F362,0
F363,0
F398,0
F399,0
F400,0
F367,0
F368,0
F369,0
F370,0
F371,0
F372,0
F373,0
F374,0
F375,0
F376,0
F377,0
F378,0
F379,0
F414,0
F415,0
F416,0
F383,0
F384,0
F385,0
F386,0
F387,0
F388,0
F389,0
F391,0
F392,0
F394,0
F395,0
F396,0
F397,0
F428,0
F429,0
F430,0
F431,0
F432,0
F401,0
F402,0
F403,0
F404,0
F405,0
F406,0
F407,0
F410,0
F411,0
F412,0
F413,0
F445,0
F446,0
F447,0
F448,0
F449,0
F450,0
F417,0
F418,0
F419,0
F420,0
F422,0
F423,0
F424,0
F425,0
F426,0
F427,0
F459,0
F460,0
F461,0
F462,0
F464,0
F465,0
F433,0
F434,0
F435,0
F436,0
F438,0
F439,0
F441,0
F442,0
F443,0
F444,0
F474,0
F475,0
F476,0
F477,0
F478,0
F479,0
F480,0
F481,0
F482,0
F452,0
F453,0
F454,0
F455,0
F456,0
F457,0
F458,0
F489,0
F490,0
F491,0
F493,0
F494,0
F496,0
F497,0
F498,0
F499,0
F500,0
F467,0
F468,0
F470,0
F471,0
F472,0
F473,0
F507,0
F508,0
F509,0
F510,0
F511,0
F512,0
F513,0
F514,0
F515,0
F516,0
F483,0
F484,0
F485,0
F486,0
F487,0
F488,0
F520,0
F521,0
F523,0
F524,0
F525,0
F526,0
F527,0
F529,0
F531,0
F532,0
F501,0
F502,0
F503,0
F504,0
F505,0
F506,0
F535,0
F537,0
F538,0
F540,0
F541,0
F543,0
F544,0
F545,0
F546,0
F547,0
F548,0
F549,0
F550,0
F517,0
F518,0
F519,0
F220,0
F221,0
F554,0
F555,0
F556,0
F557,0
F558,0
F559,0
F560,0
F561,0
F562,0
F563,0
F564,0
F565,0
F566,0
F533,0
F552,0
F553,0
F240,0
F241,0
F242,0
F243,0
F244,0
F245,0
F246,0
F247,0
F248,0
F249,0
F250,0
F251,0
F252,0
F219,0
F600,0
F567,0
F569,0
F570,0
F571,0
F572,0
F574,0
F575,0
F576,0
F577,0
F578,0
F579,0
F580,0
F581,0
F582,0
F551,0
F616,0
F583,0
F584,0
F585,0
F586,0
F587,0
F588,0
F589,0
F590,0
F591,0
F592,0
F593,0
F595,0
F596,0
F598,0
F599,0
F632,0
F601,0
F602,0
F603,0
F604,0
F605,0
F606,0
F607,0
F608,0
F609,0
F610,0
F611,0
F612,0
F613,0
F614,0
F615,0
F648,0
F617,0
F618,0
F619,0
F620,0
F621,0
F622,0
F623,0
F624,0
F625,0
F626,0
F627,0
F628,0
F629,0
F630,0
F631,0
F664,0
F633,0
F634,0
F635,0
F636,0
F637,0
F638,0
F639,0
F640,0
F641,0
F642,0
F643,0
F644,0
F645,0
F646,0
F647,0
F680,0
F649,0
F650,0
F651,0
F652,0
F653,0
F654,0
F655,0
F656,0
F657,0
F658,0
F659,0
F660,0
F661,0
F662,0
F663,0
F696,0
F665,0
F666,0
F667,0
F668,0
F669,0
F670,0
F671,0
F672,0
F673,0
F674,0
F675,0
F676,0
F677,0
F678,0
F679,0
F712,0
F681,0
F682,0
F683,0
F684,0
F685,0
F686,0
F687,0
F688,0
F689,0
F690,0
F691,0
F692,0
F693,0
F694,0
F695,0
F728,0
F697,0
F698,0
F699,0
F700,0
F701,0
F702,0
F703,0
F704,0
F705,0
F706,0
F707,0
F708,0
F709,0
F710,0
F711,0
F744,0
F713,0
F714,0
F715,0
F716,0
F717,0
F718,0
F719,0
F720,0
F721,0
F722,0
F723,0
F724,0
F725,0
F726,0
F727,0
F760,0
F729,0
F730,0
F731,0
F732,0
F733,0
F734,0
F735,0
F736,0
F737,0
F738,0
F739,0
F740,0
F741,0
F742,0
F743,0
F776,0
F745,0
F746,0
F747,0
F748,0
F749,0
F750,0
F751,0
F752,0
F753,0
F754,0
F755,0
F756,0
F757,0
F758,0
F759,0
F792,0
F761,0
F762,0
F763,0
F764,0
F765,0
F766,0
F767,0
F768,0
F769,0
F770,0
F771,0
F772,0
F773,0
F774,0
F775,0
F808,0
F777,0
F778,0
F779,0
F780,0
F781,0
F782,0
F783,0
F784,0
F785,0
F786,0
F787,0
F788,0
F789,0
F790,0
F791,0
F824,0
F793,0
F794,0
F795,0
F796,0
F797,0
F798,0
F799,0
F800,0
F801,0
F802,0
F803,0
F804,0
F805,0
F806,0
F807,0
F840,0
F809,0
F810,0
F811,0
F812,0
F813,0
F814,0
F815,0
F816,0
F817,0
F818,0
F819,0
F820,0
F821,0
F822,0
F823,0
F856,0
F825,0
F826,0
F827,0
F828,0
F829,0
F830,0
F831,0
F832,0
F833,0
F834,0
F835,0
F836,0
F837,0
F838,0
F839,0
F872,0
F841,0
F842,0
F843,0
F844,0
F845,0
F846,0
F847,0
F848,0
F849,0
F850,0
F851,0
F852,0
F853,0
F854,0
F855,0
F888,0
F857,0
F858,0
F859,0
F860,0
F861,0
F862,0
F863,0
F864,0
F865,0
F866,0
F867,0
F868,0
F869,0
F870,0
F871,0
F904,0
F873,0
F874,0
F875,0
F876,0
F877,0
F878,0
F879,0
F880,0
F881,0
F882,0
F883,0
F884,0
F885,0
F886,0
F887,0
F920,0
F889,0
F890,0
F891,0
F892,0
F893,0
F894,0
F895,0
F896,0
F897,0
F898,0
F899,0
F900,0
F901,0
F902,0
F903,0
F936,0
F905,0
F906,0
F907,0
F908,0
F909,0
F910,0
F911,0
F912,0
F913,0
F914,0
F915,0
F916,0
F917,0
F918,0
F919,0
F951,0
F952,0
F921,0
F922,0
F923,0
F924,0
F925,0
F926,0
F927,0
F928,0
F929,0
F930,0
F931,0
F932,0
F933,0
F934,0
F964,0
F965,0
F966,0
F967,0
F968,0
F938,0
F939,0
F940,0
F941,0
F942,0
F943,0
F944,0
F945,0
F946,0
F947,0
F948,0
F979,0
F980,0
F981,0
F982,0
F983,0
F984,0
F953,0
F954,0
F956,0
F957,0
F958,0
F959,0
F960,0
F961,0
F962,0
F963,0
F994,0
F995,0
F996,0
F998,0
F999,0
F1000,0
F969,0
F970,0
F971,0
F972,0
F973,0
F974,0
F975,0
F976,0
F977,0
F978,0
F1010,0
F1011,0
F1012,0
F1013,0
F1014,0
F1015,0
F1016,0
F985,0
F986,0
F987,0
F988,0
F989,0
F990,0
F991,0
F992,0
F993,0
F1026,0
F1027,0
F1028,0
F1029,0
F1030,0
F1031,0
F1032,0
F1001,0
F1002,0
F1003,0
F1004,0
F1005,0
F1006,0
F1007,0
F1008,0
F1009,0
F1040,0
F1041,0
F1042,0
F1044,0
F1046,0
F1047,0
F1048,0
F1017,0
F1018,0
F1019,0
F1020,0
F1021,0
F1022,0
F1023,0
F1024,0
F1025,0
F1055,0
F1056,0
F1058,0
F1059,0
F1060,0
F1061,0
F1062,0
F1063,0
F1064,0
F1033,0
F1034,0
F1035,0
F1036,0
F1037,0
F1038,0
F1039,0
F1071,0
F1072,0
F1073,0
F1074,0
F1075,0
F1076,0
F1077,0
F1078,0
F1079,0
F1080,0
F1049,0
F1050,0
F1051,0
F1052,0
F1053,0
F1054,0
F1087,0
F1088,0
F1089,0
F1090,0
F1091,0
F1092,0
F1093,0
F1094,0
F1095,0
F1096,0
F1065,0
F1066,0
F1067,0
F1068,0
F1069,0
F1070,0
F1103,0
F1104,0
F1105,0
F1106,0
F1107,0
F1108,0
F1109,0
F1110,0
F1111,0
F1112,0
F1081,0
F1082,0
F1083,0
F1084,0
F1085,0
F1086,0
F1118,0
F1119,0
F1120,0
F1121,0
F1122,0
F1123,0
F1124,0
F1125,0
F1126,0
F1127,0
F1128,0
F1097,0
F1098,0
F1099,0
F1101,0
F1102,0
F1134,0
F1135,0
F1136,0
F1137,0
F1138,0
F1139,0
F1140,0
F1141,0
F1142,0
F1143,0
F1144,0
F1113,0
F1114,0
F1115,0
F1116,0
F1117,0
F1150,0
F1151,0
F1152,0
F1153,0
F1154,0
F1155,0
F1156,0
F1157,0
F1158,0
F1159,0
F1160,0
F1129,0
F1130,0
F1131,0
F1132,0
F1133,0
F1164,0
F1167,0
F1168,0
F1169,0
F1170,0
F1171,0
F1172,0
F1173,0
F1174,0
F1175,0
F1176,0
F1145,0
F1146,0
F1147,0
F1148,0
F1149,0
F1180,0
F1181,0
F1182,0
F1183,0
F1184,0
F1185,0
F1186,0
F1187,0
F1188,0
F1189,0
F1190,0
F1191,0
F1192,0
F1161,0
F1162,0
F1163,0
F1196,0
F1197,0
F1198,0
F1199,0
F1200,0
F1201,0
F1202,0
F1203,0
F1204,0
F1205,0
F1206,0
F1207,0
F1208,0
F1177,0
F1178,0
F1179,0
F1212,0
F1213,0
F1214,0
F1215,0
F1216,0
F1217,0
F1218,0
F1219,0
F1220,0
F1221,0
F1222,0
F1223,0
F1224,0
F1193,0
F1194,0
F1195,0
F1228,0
F1229,0
F1230,0
F1231,0
F1232,0
F1233,0
F1234,0
F1235,0
F1236,0
F1237,0
F1238,0
F1239,0
F1240,0
F1209,0
F1210,0
F1211,0
F1243,0
F1244,0
F1245,0
F1246,0
F1247,0
F1248,0
F1250,0
F1251,0
F1252,0
F1253,0
F1254,0
F1255,0
F1256,0
F1225,0
F1226,0
F1227,0
F204,0
F1260,0
F1261,0
F1262,0
F1263,0
F1264,0
F1265,0
F1266,0
F1267,0
F1268,0
F1269,0
F1270,0
F1271,0
F1272,0
F1241,0
F1242,0
F1258,0
F1259,0
F222,0
F223,0
F224,0
F225,0
F226,0
F227,0
F228,0
F229,0
F230,0
F231,0
F232,0
F233,0
F234,0
F203,0
F1303,0
F1304,0
F1273,0
F1276,0
F1277,0
F1278,0
F1279,0
F1280,0
F1282,0
F1283,0
F1284,0
F1285,0
F1286,0
F1287,0
F1288,0
F1257,0
F1319,0
F1320,0
F1289,0
F1290,0
F1291,0
F1292,0
F1293,0
F1294,0
F1295,0
F1296,0
F1297,0
F1298,0
F1299,0
F1300,0
F1301,0
F1302,0
F1335,0
F1336,0
F1305,0
F1306,0
F1307,0
F1308,0
F1309,0
F1310,0
F1311,0
F1312,0
F1313,0
F1314,0
F1315,0
F1316,0
F1317,0
F1318,0
F1349,0
F1350,0
F1351,0
F1352,0
F1322,0
F1324,0
F1325,0
F1326,0
F1327,0
F1328,0
F1329,0
F1330,0
F1331,0
F1332,0
F1333,0
F1334,0
F1365,0
F1366,0
F1367,0
F1368,0
F1337,0
F1338,0
F1339,0
F1340,0
F1341,0
F1342,0
F1343,0
F1344,0
F1345,0
F1346,0
F1347,0
F1348,0
F1380,0
F1382,0
F1383,0
F1384,0
F1353,0
F1354,0
F1355,0
F1356,0
F1357,0
F1358,0
F1359,0
F1360,0
F1361,0
F1362,0
F1363,0
F1364,0
F1396,0
F1397,0
F1398,0
F1399,0
F1400,0
F1369,0
F1370,0
F1371,0
F1372,0
F1373,0
F1374,0
F1375,0
F1376,0
F1377,0
F1378,0
F1379,0
F1411,0
F1412,0
F1413,0
F1414,0
F1415,0
F1416,0
F1385,0
F1386,0
F1387,0
F1388,0
F1390,0
F1391,0
F1392,0
F1393,0
F1394,0
F1395,0
F1426,0
F1427,0
F1428,0
F1430,0
F1431,0
F1432,0
F1401,0
F1402,0
F1403,0
F1404,0
F1405,0
F1406,0
F1407,0
F1408,0
F1409,0
F1410,0
F1442,0
F1443,0
F1444,0
F1445,0
F1446,0
F1447,0
F1448,0
F1417,0
F1418,0
F1419,0
F1420,0
F1421,0
F1422,0
F1423,0
F1424,0
F1425,0
F1458,0
F1459,0
F1460,0
F1461,0
F1462,0
F1463,0
F1464,0
F1433,0
F1434,0
F1435,0
F1436,0
F1437,0
F1438,0
F1439,0
F1440,0
F1441,0
F1474,0
F1475,0
F1476,0
F1477,0
F1478,0
F1479,0
F1480,0
F1449,0
F1450,0
F1451,0
F1452,0
F1453,0
F1454,0
F1455,0
F1456,0
F1457,0
F1488,0
F1490,0
F1492,0
F1493,0
F1494,0
F1495,0
F1496,0
F1465,0
F1466,0
F1467,0
F1468,0
F1469,0
F1470,0
F1471,0
F1472,0
F1473,0
F1504,0
F1505,0
F1506,0
F1507,0
F1508,0
F1509,0
F1510,0
F1511,0
F1512,0
F1481,0
F1482,0
F1483,0
F1484,0
F1485,0
F1486,0
F1487,0
F1519,0
F1520,0
F1521,0
F1522,0
F1523,0
F1524,0
F1525,0
F1526,0
F1527,0
F1528,0
F1498,0
F1499,0
F1500,0
F1501,0
F1502,0
F1503,0
F1535,0
F1536,0
F1537,0
F1538,0
F1539,0
F1540,0
F1541,0
F1542,0
F1543,0
F1544,0
F1513,0
F1514,0
F1515,0
F1516,0
F1517,0
F1518,0
F1551,0
F1552,0
F1553,0
F1554,0
F1555,0
F1556,0
F1557,0
F1558,0
F1559,0
F1560,0
F1529,0
F1530,0
F1531,0
F1532,0
F1533,0
F1534,0
F1566,0
F1567,0
F1568,0
F1569,0
F1570,0
F1571,0
F1572,0
F1574,0
F1575,0
F1576,0
F1545,0
F1546,0
F1547,0
F1548,0
F1549,0
F1550,0
F1581,0
F1582,0
F1584,0
F1585,0
F1586,0
F1587,0
F1588,0
F1589,0
F1590,0
F1591,0
F1592,0
F1561,0
F1562,0
F1563,0
F1564,0
F1565,0
F1596,0
F1598,0
F1599,0
F1600,0
F1601,0
F1602,0
F1603,0
F1604,0
F1605,0
F1606,0
F1607,0
F1608,0
F1577,0
F1578,0
F1579,0
F1580,0
F1612,0
F1613,0
F1614,0
F1615,0
F1616,0
F1617,0
F1618,0
F1619,0
F1620,0
F1621,0
F1622,0
F1623,0
F1624,0
F1593,0
F1594,0
F1595,0
F1628,0
F1629,0
F1630,0
F1631,0
F1632,0
F1633,0
F1634,0
F1635,0
F1636,0
F1637,0
F1638,0
F1639,0
F1640,0
F1609,0
F1610,0
F1611,0
F1643,0
F1645,0
F1646,0
F1647,0
F1648,0
F1649,0
F1650,0
F1651,0
F1652,0
F1653,0
F1654,0
F1655,0
F1656,0
F1625,0
F1626,0
F1627,0
F1659,0
F1660,0
F1661,0
F1662,0
F1663,0
F1664,0
F1665,0
F1666,0
F1667,0
F1668,0
F1669,0
F1670,0
F1671,0
F1672,0
F1641,0
F1642,0
F1675,0
F1676,0
F1677,0
F1678,0
F1679,0
F1680,0
F1681,0
F1682,0
F1683,0
F1684,0
F1685,0
F1686,0
F1687,0
F1688,0
F1657,0
F1658,0
F187,0
F1692,0
F1693,0
F1694,0
F1695,0
F1696,0
F1697,0
F1698,0
F1699,0
F1700,0
F1701,0
F1702,0
F1703,0
F1704,0
F1673,0
F1674,0
F1691,0
F206,0
F207,0
F208,0
F209,0
F210,0
F211,0
F212,0
F213,0
F214,0
F215,0
F216,0
F217,0
F218,0
F184,0
F186,0
F1735,0
F1736,0
F1707,0
F1708,0
F1709,0
F1711,0
F1712,0
F1713,0
F1714,0
F1715,0
F1717,0
F1718,0
F1719,0
F1720,0
F1689,0
F1690,0
F1750,0
F1751,0
F1721,0
F1722,0
F1723,0
F1724,0
F1725,0
F1726,0
F1727,0
F1728,0
F1729,0
F1730,0
F1731,0
F1732,0
F1733,0
F1734,0
F1765,0
F1766,0
F1767,0
F1768,0
F1737,0
F1738,0
F1739,0
F1740,0
F1741,0
F1742,0
F1743,0
F1744,0
F1745,0
F1746,0
F1747,0
F1749,0
F1780,0
F1781,0
F1782,0
F1783,0
F1784,0
F1753,0
F1754,0
F1755,0
F1756,0
F1757,0
F1759,0
F1760,0
F1761,0
F1762,0
F1763,0
F1764,0
F1796,0
F1797,0
F1798,0
F1799,0
F1800,0
F1769,0
F1770,0
F1771,0
F1772,0
F1773,0
F1774,0
F1775,0
F1776,0
F1777,0
F1778,0
F1779,0
F1809,0
F1810,0
F1811,0
F1812,0
F1815,0
F1785,0
F1786,0
F1787,0
F1788,0
F1789,0
F1790,0
F1791,0
F1792,0
F1793,0
F1794,0
F1795,0
F1824,0
F1826,0
F1827,0
F1828,0
F1829,0
F1830,0
F1831,0
F1832,0
F1801,0
F1802,0
F1803,0
F1804,0
F1805,0
F1806,0
F1807,0
F1808,0
F1837,0
F1838,0
F1839,0
F1840,0
F1841,0
F1842,0
F1843,0
F1844,0
F1845,0
F1846,0
F1847,0
F1848,0
F1817,0
F1821,0
F1822,0
F1823,0
F1851,0
F1852,0
F1853,0
F1854,0
F1855,0
F1856,0
F1857,0
F1858,0
F1859,0
F1860,0
F1862,0
F1864,0
F1833,0
F1834,0
F1835,0
F1836,0
F1867,0
F1868,0
F1869,0
F1870,0
F1871,0
F1872,0
F1873,0
F1874,0
F1875,0
F1876,0
F1877,0
F1878,0
F1879,0
F1880,0
F1849,0
F1850,0
F1883,0
F1884,0
F1885,0
F1886,0
F1887,0
F1888,0
F1889,0
F1890,0
F1891,0
F1892,0
F1893,0
F1894,0
F1895,0
F1896,0
F1865,0
F1866,0
F169,0
F1900,0
F1901,0
F1902,0
F1903,0
F1904,0
F1905,0
F1906,0
F1907,0
F1908,0
F1909,0
F1910,0
F1911,0
F1912,0
F1881,0
F1882,0
F1899,0
F188,0
F190,0
F191,0
F193,0
F194,0
F195,0
F196,0
F197,0
F198,0
F199,0
F200,0
F201,0
F202,0
F167,0
F168,0
F1940,0
F1941,0
F1942,0
F1943,0
F1944,0
F1913,0
F1914,0
F1915,0
F1916,0
F1917,0
F1918,0
F1920,0
F1924,0
F1926,0
F1897,0
F1898,0
F1954,0
F1955,0
F1956,0
F1957,0
F1958,0
F1959,0
F1929,0
F1930,0
F1931,0
F1932,0
F1934,0
F1935,0
F1936,0
F1937,0
F1938,0
F1939,0
F1970,0
F1971,0
F1972,0
F1973,0
F1974,0
F1975,0
F1976,0
F1945,0
F1946,0
F1947,0
F1948,0
F1949,0
F1950,0
F1951,0
F1952,0
F1953,0
F1983,0
F1984,0
F1985,0
F1986,0
F1987,0
F1988,0
F1989,0
F1990,0
F1991,0
F1992,0
F1962,0
F1963,0
F1964,0
F1965,0
F1966,0
F1968,0
F1999,0
F2000,0
F2001,0
F2002,0
F2003,0
F2004,0
F2005,0
F2006,0
F2007,0
F2008,0
F1977,0
F1978,0
F1979,0
F1980,0
F1981,0
F1982,0
F2015,0
F2016,0
F2017,0
F2018,0
F2019,0
F2020,0
F2021,0
F2022,0
F2023,0
F2024,0
F1993,0
F1994,0
F1995,0
F1996,0
F1997,0
F1998,0
F2027,0
F2028,0
F2031,0
F2033,0
F2034,0
F2035,0
F2036,0
F2037,0
F2039,0
F2040,0
F2009,0
F2010,0
F2011,0
F2012,0
F2013,0
F2014,0
F153,0
F2044,0
F2045,0
F2046,0
F2047,0
F2048,0
F2049,0
F2050,0
F2051,0
F2052,0
F2053,0
F2054,0
F2055,0
F2056,0
F2025,0
F2026,0
F2042,0
F2043,0
F170,0
F171,0
F172,0
F173,0
F174,0
F175,0
F176,0
F177,0
F178,0
F179,0
F180,0
F181,0
F183,0
F151,0
F2057,0
F2058,0
F2059,0
F2060,0
F2061,0
F2062,0
F2063,0
F2064,0
F2065,0
F2066,0
F2067,0
F2069,0
F2070,0
F2071,0
F2072,0
F2041,0
F2103,0
F2104,0
F2073,0
F2074,0
F2075,0
F2076,0
F2079,0
F2080,0
F2081,0
F2082,0
F2083,0
F2084,0
F2085,0
F2086,0
F2087,0
F2088,0
F2119,0
F2120,0
F2089,0
F2090,0
F2091,0
F2092,0
F2093,0
F2094,0
F2095,0
F2096,0
F2097,0
F2098,0
F2099,0
F2100,0
F2101,0
F2102,0
F2135,0
F2136,0
F2105,0
F2106,0
F2107,0
F2108,0
F2109,0
F2110,0
F2111,0
F2112,0
F2113,0
F2114,0
F2115,0
F2116,0
F2117,0
F2118,0
F2150,0
F2151,0
F2152,0
F2121,0
F2122,0
F2123,0
F2124,0
F2125,0
F2126,0
F2127,0
F2128,0
F2129,0
F2130,0
F2131,0
F2132,0
F2133,0
F2162,0
F2163,0
F2164,0
F2165,0
F2166,0
F2167,0
F2168,0
F2138,0
F2141,0
F2142,0
F2143,0
F2144,0
F2145,0
F2147,0
F2148,0
F2149,0
F2175,0
F2177,0
F2178,0
F2179,0
F2180,0
F2181,0
F2184,0
F2153,0
F2154,0
F2155,0
F2156,0
F2157,0
F2158,0
F2159,0
F2160,0
F2161,0
F2191,0
F2192,0
F2193,0
F2194,0
F2195,0
F2196,0
F2197,0
F2198,0
F2199,0
F2200,0
F2169,0
F2170,0
F2171,0
F2172,0
F2173,0
F2174,0
F2187,0
F154,0
F155,0
F156,0
F157,0
F158,0
F163,0
F164,0
F165,0
F166,0
F135,0
F136,0
F137,0
F2188,0
F2189,0
F2190,0
F2201,0
F2202,0
F2203,0
F2204,0
F2205,0
F2206,0
F2207,0
F2208,0
F2209,0
F2210,0
F2211,0
F2212,0
F2213,0
F2214,0
F2215,0
F2216,0
F2248,0
F2217,0
F2218,0
F2219,0
F2220,0
F2221,0
F2222,0
F2223,0
F2224,0
F2225,0
F2226,0
F2227,0
F2228,0
F2229,0
F2231,0
F2232,0
F2264,0
F2233,0
F2234,0
F2235,0
F2236,0
F2237,0
F2238,0
F2239,0
F2240,0
F2241,0
F2242,0
F2243,0
F2244,0
F2245,0
F2246,0
F2247,0
F2280,0
F2249,0
F2250,0
F2251,0
F2252,0
F2253,0
F2254,0
F2255,0
F2256,0
F2257,0
F2258,0
F2259,0
F2260,0
F2261,0
F2262,0
F2263,0
F2296,0
F2265,0
F2266,0
F2267,0
F2268,0
F2269,0
F2270,0
F2271,0
F2272,0
F2273,0
F2274,0
F2275,0
F2276,0
F2277,0
F2278,0
F2279,0
F2313,0
F2281,0
F2282,0
F2283,0
F2284,0
F2285,0
F2286,0
F2287,0
F2288,0
F2289,0
F2290,0
F2291,0
F2292,0
F2293,0
F2294,0
F2295,0
F2329,0
F2297,0
F2298,0
F2299,0
F2300,0
F2301,0
F2302,0
F2303,0
F2304,0
F2305,0
F2306,0
F2307,0
F2308,0
F2309,0
F2310,0
F2311,0
F2345,0
F2314,0
F2315,0
F2316,0
F2317,0
F2318,0
F2319,0
F2320,0
F2321,0
F2322,0
F2323,0
F2324,0
F2325,0
F2326,0
F2327,0
F2328,0
F2361,0
F2362,0
F2330,0
F2331,0
F2332,0
F2333,0
F2334,0
F2335,0
F2336,0
F2337,0
F2338,0
F2339,0
F2340,0
F2341,0
F2342,0
F2343,0
F2376,0
F2377,0
F2378,0
F2346,0
F2347,0
F2348,0
F2349,0
F2351,0
F2352,0
F2353,0
F2354,0
F2355,0
F2356,0
F2357,0
F2358,0
F2359,0
F2392,0
F2393,0
F2394,0
F2363,0
F2364,0
F2365,0
F2366,0
F2367,0
F2368,0
F2369,0
F2370,0
F2371,0
F2372,0
F2373,0
F2374,0
F2375,0
F2407,0
F2408,0
F2409,0
F2410,0
F2379,0
F2380,0
F2381,0
F2382,0
F2383,0
F2384,0
F2385,0
F2386,0
F2387,0
F2389,0
F2390,0
F2391,0
F2423,0
F2424,0
F2425,0
F2426,0
F2395,0
F2396,0
F2397,0
F2398,0
F2399,0
F2400,0
F2401,0
F2402,0
F2403,0
F2404,0
F2405,0
F2406,0
F2439,0
F2440,0
F2441,0
F2442,0
F2411,0
F2412,0
F2413,0
F2414,0
F2415,0
F2416,0
F2417,0
F2418,0
F2419,0
F2420,0
F2421,0
F2422,0
F2456,0
F2457,0
F2459,0
F2460,0
F2427,0
F2428,0
F2429,0
F2430,0
F2431,0
F2432,0
F2433,0
F2434,0
F2435,0
F2436,0
F2437,0
F2438,0
F2473,0
F2474,0
F2475,0
F2476,0
F2443,0
F2444,0
F2445,0
F2446,0
F2447,0
F2448,0
F2449,0
F2450,0
F2451,0
F2452,0
F2453,0
F2454,0
F2489,0
F2490,0
F2491,0
F2492,0
F2461,0
F2462,0
F2463,0
F2464,0
F2465,0
F2466,0
F2467,0
F2468,0
F2469,0
F2470,0
F2471,0
F2472,0
F2504,0
F2505,0
F2506,0
F2507,0
F2508,0
F2477,0
F2478,0
F2479,0
F2481,0
F2482,0
F2483,0
F2484,0
F2485,0
F2486,0
F2487,0
F2488,0
F2520,0
F2521,0
F2522,0
F2523,0
F2524,0
F2493,0
F2494,0
F2495,0
F2496,0
F2497,0
F2498,0
F2499,0
F2500,0
F2501,0
F2502,0
F2503,0
F2534,0
F2535,0
F2536,0
F2539,0
F2540,0
F2509,0
F2510,0
F2511,0
F2512,0
F2513,0
F2514,0
F2515,0
F2516,0
F2517,0
F2518,0
F2519,0
F2548,0
F2549,0
F2550,0
F2551,0
F2553,0
F2554,0
F2556,0
F2557,0
F2558,0
F2525,0
F2526,0
F2528,0
F2529,0
F2530,0
F2531,0
F2533,0
F2565,0
F2566,0
F2567,0
F2568,0
F2569,0
F2570,0
F2571,0
F2572,0
F2573,0
F2574,0
F2541,0
F2542,0
F2544,0
F2545,0
F2546,0
F2547,0
F138,0
F140,0
F141,0
F143,0
F145,0
F146,0
F147,0
F148,0
F149,0
F150,0
F117,0
F118,0
F119,0
F2562,0
F2563,0
F2564,0
F2605,0
F2606,0
F2575,0
F2576,0
F2577,0
F2578,0
F2579,0
F2580,0
F2586,0
F2587,0
F2588,0
F2589,0
F2590,0
F2559,0
F2560,0
F2561,0
F2621,0
F2622,0
F2623,0
F2591,0
F2592,0
F2593,0
F2594,0
F2595,0
F2596,0
F2597,0
F2598,0
F2600,0
F2601,0
F2602,0
F2603,0
F2604,0
F2636,0
F2637,0
F2638,0
F2608,0
F2609,0
F2610,0
F2611,0
F2612,0
F2613,0
F2614,0
F2615,0
F2616,0
F2617,0
F2618,0
F2619,0
F2620,0
F2651,0
F2652,0
F2653,0
F2656,0
F2624,0
F2625,0
F2626,0
F2627,0
F2628,0
F2629,0
F2630,0
F2631,0
F2632,0
F2633,0
F2634,0
F2635,0
F2666,0
F2667,0
F2668,0
F2669,0
F2670,0
F2671,0
F2672,0
F2640,0
F2641,0
F2643,0
F2644,0
F2646,0
F2647,0
F2648,0
F2649,0
F2650,0
F2678,0
F2679,0
F2680,0
F2681,0
F2682,0
F2683,0
F2685,0
F2687,0
F2688,0
F2657,0
F2658,0
F2659,0
F2660,0
F2661,0
F2662,0
F2664,0
F2674,0
F2675,0
F121,0
F122,0
F123,0
F124,0
F125,0
F127,0
F129,0
F130,0
F132,0
F133,0
F134,0
F102,0
F103,0
F2676,0
F2689,0
F2690,0
F2691,0
F2692,0
F2693,0
F2694,0
F2695,0
F2696,0
F2697,0
F2699,0
F2700,0
F2701,0
F2702,0
F2703,0
F2704,0
F2673,0
F2736,0
F2705,0
F2706,0
F2708,0
F2709,0
F2710,0
F2711,0
F2712,0
F2713,0
F2714,0
F2715,0
F2717,0
F2718,0
F2719,0
F2720,0
F2721,0
F2751,0
F2752,0
F2754,0
F2722,0
F2723,0
F2724,0
F2725,0
F2726,0
F2727,0
F2728,0
F2729,0
F2730,0
F2731,0
F2732,0
F2733,0
F2734,0
F2769,0
F2770,0
F2771,0
F2738,0
F2739,0
F2740,0
F2741,0
F2742,0
F2743,0
F2744,0
F2745,0
F2746,0
F2747,0
F2748,0
F2749,0
F2750,0
F2785,0
F2786,0
F2787,0
F2755,0
F2757,0
F2758,0
F2759,0
F2760,0
F2761,0
F2762,0
F2763,0
F2764,0
F2765,0
F2766,0
F2767,0
F2768,0
F2798,0
F2799,0
F2800,0
F2801,0
F2802,0
F2803,0
F2772,0
F2773,0
F2774,0
F2775,0
F2776,0
F2778,0
F2779,0
F2781,0
F2782,0
F2784,0
F2817,0
F2818,0
F2819,0
F2820,0
F2821,0
F2822,0
F2788,0
F2789,0
F2790,0
F2791,0
F2792,0
F2793,0
F2794,0
F2795,0
F2796,0
F2797,0
F2833,0
F2834,0
F2835,0
F2836,0
F2837,0
F2838,0
F2804,0
F2805,0
F2806,0
F2808,0
F2809,0
F2811,0
F2812,0
F2813,0
F2815,0
F2816,0
F2846,0
F2847,0
F2848,0
F2850,0
F2851,0
F2852,0
F2853,0
F2854,0
F2824,0
F2825,0
F2826,0
F2827,0
F2828,0
F2829,0
F2831,0
F2832,0
F2864,0
F2865,0
F2866,0
F2867,0
F2868,0
F2869,0
F2870,0
F2871,0
F2872,0
F2839,0
F2840,0
F2841,0
F2842,0
F2843,0
F2844,0
F2845,0
F2879,0
F2880,0
F2881,0
F2882,0
F2884,0
F2885,0
F2886,0
F2887,0
F2888,0
F2855,0
F2856,0
F2857,0
F2858,0
F2859,0
F2861,0
F2862,0
F2895,0
F2896,0
F2897,0
F2898,0
F2899,0
F2900,0
F2901,0
F2902,0
F2903,0
F2904,0
F2873,0
F2874,0
F2875,0
F2876,0
F2877,0
F2878,0
F2908,0
F2909,0
F2910,0
F2911,0
F2912,0
F2913,0
F2915,0
F2916,0
F2918,0
F2919,0
F2920,0
F2922,0
F2923,0
F2890,0
F2893,0
F2894,0
F2927,0
F2928,0
F2929,0
F2930,0
F2931,0
F2932,0
F2933,0
F2934,0
F2935,0
F2936,0
F2937,0
F2939,0
F2940,0
F2905,0
F2906,0
F2907,0
F87,0
F2944,0
F2945,0
F2946,0
F2947,0
F2948,0
F2949,0
F2950,0
F2951,0
F2952,0
F2953,0
F2954,0
F2955,0
F2956,0
F2925,0
F2926,0
F2942,0
F2943,0
F104,0
F105,0
F106,0
F107,0
F108,0
F109,0
F110,0
F111,0
F112,0
F113,0
F114,0
F115,0
F116,0
F86,0
F2990,0
F2958,0
F2959,0
F2961,0
F2962,0
F2963,0
F2964,0
F2965,0
F2966,0
F2967,0
F2969,0
F2970,0
F2972,0
F2973,0
F2974,0
F2941,0
F3004,0
F3005,0
F3006,0
F2975,0
F2976,0
F2977,0
F2978,0
F2980,0
F2981,0
F2983,0
F2984,0
F2985,0
F2986,0
F2987,0
F2988,0
F2989,0
F3019,0
F3020,0
F3021,0
F3022,0
F2991,0
F2992,0
F2993,0
F2994,0
F2995,0
F2996,0
F2997,0
F2998,0
F3000,0
F3001,0
F3002,0
F3003,0
F3037,0
F3038,0
F3039,0
F3040,0
F3007,0
F3008,0
F3009,0
F3010,0
F3011,0
F3012,0
F3013,0
F3014,0
F3015,0
F3016,0
F3017,0
F3018,0
F3051,0
F3052,0
F3053,0
F3054,0
F3023,0
F3024,0
F3025,0
F3026,0
F3028,0
F3029,0
F3031,0
F3032,0
F3033,0
F3034,0
F3035,0
F3036,0
F3067,0
F3068,0
F3069,0
F3070,0
F3071,0
F3072,0
F3041,0
F3042,0
F3043,0
F3044,0
F3045,0
F3046,0
F3047,0
F3048,0
F3049,0
F3050,0
F3083,0
F3084,0
F3085,0
F3086,0
F3087,0
F3088,0
F3089,0
F3090,0
F3059,0
F3060,0
F3061,0
F3062,0
F3063,0
F3064,0
F3065,0
F3066,0
F3098,0
F3099,0
F3100,0
F3101,0
F3102,0
F3103,0
F3104,0
F3105,0
F3106,0
F3073,0
F3075,0
F3076,0
F3078,0
F3080,0
F3081,0
F3082,0
F3114,0
F3115,0
F3116,0
F3117,0
F3118,0
F3119,0
F3120,0
F3121,0
F3122,0
F3091,0
F3092,0
F3093,0
F3094,0
F3095,0
F3096,0
F3097,0
F3130,0
F3131,0
F3132,0
F3134,0
F3135,0
F3136,0
F3137,0
F3138,0
F3139,0
F3107,0
F3108,0
F3109,0
F3110,0
F3111,0
F3112,0
F3113,0
F3147,0
F3148,0
F3149,0
F3150,0
F3151,0
F3152,0
F3153,0
F3154,0
F3155,0
F3123,0
F3124,0
F3125,0
F3126,0
F3127,0
F3128,0
F3129,0
F3163,0
F3164,0
F3165,0
F3166,0
F3167,0
F3168,0
F3169,0
F3170,0
F3171,0
F3140,0
F3141,0
F3142,0
F3143,0
F3144,0
F3145,0
F3146,0
F3180,0
F3181,0
F3183,0
F3184,0
F3185,0
F3186,0
F3187,0
F3188,0
F3189,0
F3156,0
F3157,0
F3158,0
F3159,0
F3160,0
F3161,0
F3162,0
F3197,0
F3198,0
F3199,0
F3200,0
F3201,0
F3202,0
F3203,0
F3204,0
F3205,0
F3172,0
F3173,0
F3174,0
F3175,0
F3176,0
F3177,0
F3178,0
F3213,0
F3214,0
F3215,0
F3216,0
F3217,0
F3218,0
F3219,0
F3220,0
F3221,0
F3190,0
F3191,0
F3192,0
F3193,0
F3194,0
F3195,0
F3196,0
F3229,0
F3230,0
F3231,0
F3232,0
F3234,0
F3235,0
F3237,0
F3238,0
F3239,0
F3206,0
F3207,0
F3208,0
F3209,0
F3210,0
F3211,0
F3212,0
F3247,0
F3248,0
F3249,0
F3250,0
F3251,0
F3252,0
F3253,0
F3254,0
F3255,0
F3222,0
F3223,0
F3224,0
F3225,0
F3226,0
F3227,0
F3228,0
F3262,0
F3263,0
F3264,0
F3265,0
F3266,0
F3267,0
F3268,0
F3269,0
F3270,0
F3271,0
F3241,0
F3242,0
F3243,0
F3244,0
F3245,0
F3246,0
F3278,0
F3279,0
F3280,0
F3281,0
F3282,0
F3283,0
F3284,0
F3285,0
F3286,0
F3287,0
F3256,0
F3257,0
F3258,0
F3259,0
F3260,0
F3261,0
F3294,0
F3295,0
F3296,0
F3297,0
F3298,0
F3299,0
F3300,0
F3301,0
F3302,0
F3303,0
F3272,0
F3273,0
F3274,0
F3275,0
F3276,0
F3277,0
F3310,0
F3311,0
F3312,0
F3313,0
F3314,0
F3315,0
F3316,0
F3317,0
F3318,0
F3319,0
F3288,0
F3289,0
F3290,0
F3291,0
F3292,0
F3293,0
F3326,0
F3327,0
F3328,0
F3329,0
F3330,0
F3331,0
F3332,0
F3333,0
F3334,0
F3335,0
F3304,0
F3305,0
F3306,0
F3307,0
F3308,0
F3309,0
F3340,0
F3342,0
F3343,0
F3345,0
F3346,0
F3347,0
F3349,0
F3350,0
F3352,0
F3353,0
F3320,0
F3321,0
F3322,0
F3323,0
F3324,0
F3325,0
F3358,0
F3359,0
F3360,0
F3361,0
F3362,0
F3363,0
F3364,0
F3365,0
F3366,0
F3367,0
F3368,0
F3369,0
F3336,0
F3337,0
F3338,0
F3339,0
F3374,0
F3375,0
F3376,0
F3377,0
F3378,0
F3379,0
F3380,0
F3381,0
F3382,0
F3383,0
F3384,0
F3385,0
F3354,0
F3355,0
F3356,0
F3357,0
F3371,0
F3372,0
F88,0
F89,0
F90,0
F91,0
F92,0
F93,0
F94,0
F95,0
F96,0
F99,0
F69,0
F70,0
F71,0
F3373,0
F3417,0
F3386,0
F3387,0
F3388,0
F3389,0
F3390,0
F3391,0
F3392,0
F3393,0
F3394,0
F3396,0
F3397,0
F3399,0
F3400,0
F3401,0
F3370,0
F3433,0
F3402,0
F3403,0
F3404,0
F3405,0
F3406,0
F3407,0
F3408,0
F3409,0
F3410,0
F3411,0
F3412,0
F3413,0
F3414,0
F3415,0
F3416,0
F3450,0
F3418,0
F3419,0
F3420,0
F3421,0
F3422,0
F3423,0
F3424,0
F3425,0
F3426,0
F3427,0
F3428,0
F3429,0
F3430,0
F3431,0
F3432,0
F3467,0
F3434,0
F3435,0
F3436,0
F3437,0
F3438,0
F3439,0
F3440,0
F3441,0
F3442,0
F3443,0
F3444,0
F3445,0
F3446,0
F3447,0
F3448,0
F3483,0
F3451,0
F3453,0
F3454,0
F3455,0
F3456,0
F3457,0
F3458,0
F3459,0
F3460,0
F3461,0
F3462,0
F3463,0
F3464,0
F3465,0
F3466,0
F3499,0
F3468,0
F3469,0
F3470,0
F3471,0
F3472,0
F3473,0
F3474,0
F3475,0
F3476,0
F3477,0
F3478,0
F3479,0
F3480,0
F3481,0
F3482,0
F3508,0
F3509,0
F3510,0
F3511,0
F3512,0
F3513,0
F3514,0
F3515,0
F3516,0
F3517,0
F3486,0
F3488,0
F3489,0
F3491,0
F3497,0
F3498,0
F3521,0
F3522,0
F3523,0
F3524,0
F3525,0
F3527,0
F3528,0
F3529,0
F3530,0
F3531,0
F3532,0
F3533,0
F3502,0
F3504,0
F3505,0
F3507,0
F3537,0
F3538,0
F3539,0
F3540,0
F3541,0
F3542,0
F3543,0
F3544,0
F3545,0
F3546,0
F3547,0
F3548,0
F3549,0
F3518,0
F3519,0
F3520,0
F72,0
F73,0
F74,0
F75,0
F76,0
F77,0
F78,0
F79,0
F80,0
F81,0
F82,0
F83,0
F84,0
F53,0
F54,0
F55,0
F3550,0
F3551,0
F3552,0
F3553,0
F3554,0
F3555,0
F3556,0
F3558,0
F3559,0
F3561,0
F3562,0
F3563,0
F3564,0
F3565,0
F3566,0
F3567,0
F3599,0
F3568,0
F3569,0
F3570,0
F3571,0
F3572,0
F3573,0
F3574,0
F3575,0
F3576,0
F3577,0
F3578,0
F3579,0
F3580,0
F3581,0
F3583,0
F3612,0
F3613,0
F3614,0
F3615,0
F3584,0
F3586,0
F3587,0
F3588,0
F3589,0
F3590,0
F3591,0
F3593,0
F3594,0
F3595,0
F3596,0
F3597,0
F3626,0
F3627,0
F3628,0
F3629,0
F3630,0
F3631,0
F3600,0
F3601,0
F3603,0
F3605,0
F3606,0
F3607,0
F3608,0
F3609,0
F3610,0
F3611,0
F3639,0
F3640,0
F3641,0
F3644,0
F3645,0
F3646,0
F3647,0
F3616,0
F3617,0
F3618,0
F3619,0
F3620,0
F3621,0
F3622,0
F3623,0
F3625,0
F3653,0
F3654,0
F3655,0
F3656,0
F3657,0
F3658,0
F3659,0
F3660,0
F3661,0
F3662,0
F3663,0
F3632,0
F3633,0
F3636,0
F3637,0
F3638,0
F3669,0
F3670,0
F3671,0
F3673,0
F3674,0
F3676,0
F3677,0
F3678,0
F3679,0
F3680,0
F3681,0
F3648,0
F3649,0
F3650,0
F3651,0
F3652,0
F3685,0
F3686,0
F3687,0
F3688,0
F3689,0
F3690,0
F3691,0
F3692,0
F3693,0
F3694,0
F3695,0
F3696,0
F3697,0
F3664,0
F3666,0
F3667,0
F3684,0
F56,0
F57,0
F58,0
F60,0
F61,0
F62,0
F63,0
F64,0
F65,0
F66,0
F67,0
F68,0
F37,0
F38,0
F39,0
F3729,0
F3698,0
F3699,0
F3700,0
F3701,0
F3702,0
F3704,0
F3705,0
F3707,0
F3708,0
F3709,0
F3711,0
F3712,0
F3713,0
F3682,0
F3683,0
F3744,0
F3714,0
F3715,0
F3716,0
F3717,0
F3718,0
F3719,0
F3720,0
F3721,0
F3722,0
F3723,0
F3724,0
F3725,0
F3726,0
F3727,0
F3728,0
F3758,0
F3759,0
F3760,0
F3761,0
F3730,0
F3731,0
F3732,0
F3733,0
F3734,0
F3736,0
F3737,0
F3738,0
F3739,0
F3740,0
F3741,0
F3742,0
F3771,0
F3772,0
F3774,0
F3775,0
F3777,0
F3778,0
F3779,0
F3746,0
F3747,0
F3749,0
F3751,0
F3752,0
F3754,0
F3755,0
F3756,0
F3757,0
F3789,0
F3790,0
F3791,0
F3792,0
F3793,0
F3794,0
F3795,0
F3762,0
F3763,0
F3764,0
F3765,0
F3766,0
F3767,0
F3768,0
F3769,0
F3770,0
F45,0
F46,0
F47,0
F48,0
F49,0
F50,0
F51,0
F52,0
F21,0
F22,0
F23,0
F3783,0
F3784,0
F3785,0
F3786,0
F3788,0
F3826,0
F3827,0
F3796,0
F3797,0
F3802,0
F3803,0
F3807,0
F3809,0
F3780,0
F3781,0
F3782,0
F40,0
F41,0
F42,0
F43,0
F44,0
F3838,0
F3839,0
F3840,0
F3813,0
F3814,0
F3815,0
F3816,0
F3817,0
F3818,0
F3819,0
F3820,0
F3821,0
F3822,0
F3823,0
F3824,0
F3825,0
F3851,0
F3852,0
F3853,0
F3854,0
F3855,0
F3856,0
F3857,0
F3858,0
F3859,0
F3828,0
F3830,0
F3833,0
F3834,0
F3835,0
F3836,0
F3837,0
F3910,0
F3863,0
F3866,0
F3868,0
F3869,0
F3870,0
F3871,0
F3872,0
F3874,0
F3875,0
F3845,0
F3846,0
F3847,0
F3848,0
F3849,0
F3850,0
F3861,0
F24,0
F25,0
F26,0
F27,0
F28,0
F29,0
F30,0
F31,0
F32,0
F33,0
F34,0
F35,0
F36,0
F1,0
F3909,0
F3911,0
F3893,0
F20,0
F8,0
F9,0
F10,0
F11,0
F12,0
F13,0
F14,0
F15,0
F16,0
F17,0
F18,0
F19,0
F3923,0
F235,0
F237,0
F238,0
F3896,0
F3897,0
F3899,0
F3900,0
F3901,0
F3902,0
F3903,0
F3904,0
F3905,0
F3906,0
F3,0
F6,0
F7,0
